,comments_disabled,id,caption,shortcode,comments,upload_date,dimensions,display_url,likes,owner,is_video,accessibility_caption
0,False,2885041901141907970,,CgJulLPrloC,,1658143817,,https://scontent-bom1-1.cdninstagram.com/v/t51.2885-15/294229087_115420557781612_1201830152250377571_n.webp?stp=dst-jpg_e35&_nc_ht=scontent-bom1-1.cdninstagram.com&_nc_cat=104&_nc_ohc=Vr-56nEnUD0AX-cWsCA&edm=ABZsPhsBAAAA&ccb=7-5&ig_cache_key=Mjg4NTA0MTg5NTk2NjIxOTc2Nw%3D%3D.2-ccb7-5&oh=00_AT_jpxMcfYqzLq_-zupLRjtmKbZKVM9FUg3dUuEhi5USrQ&oe=62DCBFD2&_nc_sid=4efc9f,,,False,
1,False,2885038882737140282,,CgJt5QIvLI6,,1658143468,,https://scontent-bom1-1.cdninstagram.com/v/t51.2885-15/294185823_144362461597566_8269987147192926179_n.jpg?stp=dst-jpg_e15&_nc_ht=scontent-bom1-1.cdninstagram.com&_nc_cat=106&_nc_ohc=3PWPUR5uXs4AX-xFV8T&edm=ABZsPhsBAAAA&ccb=7-5&oh=00_AT9bmQRuhn9A8kKLt3vWVQuDmadeCE9N531VBbdEo_qBmQ&oe=62D7D1A3&_nc_sid=4efc9f,,,True,
2,False,2885037782752635938,,CgJtpPsjSwi,,1658143337,,https://scontent-bom1-2.cdninstagram.com/v/t51.2885-15/294205889_569280521482172_2905844809085781025_n.jpg?stp=dst-jpg_e15&_nc_ht=scontent-bom1-2.cdninstagram.com&_nc_cat=108&_nc_ohc=zBXQXS39Z1AAX9eBvZI&edm=ABZsPhsBAAAA&ccb=7-5&oh=00_AT8D5H_DRh9xwGvDg_M-LQj0-TNMcYnXodeyjacwi6NVtQ&oe=62D784C3&_nc_sid=4efc9f,,,True,
3,False,2885037735577400811,,CgJtojwsDXr,,1658143320,,https://scontent-bom1-2.cdninstagram.com/v/t51.2885-15/294135770_1020601698621249_6340978508138111240_n.jpg?stp=dst-jpg_e35_s1080x1080&_nc_ht=scontent-bom1-2.cdninstagram.com&_nc_cat=109&_nc_ohc=HRkwms7PprYAX_jf4y6&edm=ABZsPhsBAAAA&ccb=7-5&ig_cache_key=Mjg4NTAzNzczNTU3NzQwMDgxMQ%3D%3D.2-ccb7-5&oh=00_AT-jBpmPydy-QGfpf_54ekXnEHBC7LB9NC9LEY2wkov1jQ&oe=62DB94F9&_nc_sid=4efc9f,,,False,
4,False,2885032939279593879,,CgJsiw3D7GX,,1658142748,,https://scontent-bom1-2.cdninstagram.com/v/t51.2885-15/294239866_1137954710140747_346341087174629623_n.webp?stp=dst-jpg_e35&_nc_ht=scontent-bom1-2.cdninstagram.com&_nc_cat=107&_nc_ohc=DIB2D5Ln1lEAX-8XmM-&edm=ABZsPhsBAAAA&ccb=7-5&ig_cache_key=Mjg4NTAzMjkzOTI3OTU5Mzg3OQ%3D%3D.2-ccb7-5&oh=00_AT9uGXOrhPMpW-46O3aQSDg8Mcq8hdGVzMBMZqwqTF3hvg&oe=62DC4FE0&_nc_sid=4efc9f,,,False,
5,False,2885031370191917356,,CgJsL7iJdEs,,1658142561,,https://scontent-bom1-2.cdninstagram.com/v/t51.2885-15/293964750_726917921935952_7113760540135818405_n.webp?stp=dst-jpg_e35&_nc_ht=scontent-bom1-2.cdninstagram.com&_nc_cat=108&_nc_ohc=3MbSgnPkviAAX-6BB4B&edm=ABZsPhsBAAAA&ccb=7-5&ig_cache_key=Mjg4NTAzMTM3MDE5MTkxNzM1Ng%3D%3D.2-ccb7-5&oh=00_AT9qvXMsjjKChgj7L1BrxJY2XMubMEqhSWIxALgseNgB2A&oe=62DB3714&_nc_sid=4efc9f,,,False,
6,False,2885025530479280585,,CgJq284JoHJ,,1658141865,,https://scontent-bom1-1.cdninstagram.com/v/t51.2885-15/293929751_143962084920879_8536931186518062754_n.webp?stp=dst-jpg_e35&_nc_ht=scontent-bom1-1.cdninstagram.com&_nc_cat=103&_nc_ohc=Oa1Xk4dKGMYAX8lbBNt&edm=ABZsPhsBAAAA&ccb=7-5&ig_cache_key=Mjg4NTAyNTUzMDQ3OTI4MDU4NQ%3D%3D.2-ccb7-5&oh=00_AT9xh-zC2Tnpi4zbKsTFmLVCUW9IKg--xWftszo5Aw67Dw&oe=62DB5A0F&_nc_sid=4efc9f,,,False,
7,False,2885024452155687360,,CgJqnQnDkHA,,1658141737,,https://scontent-bom1-1.cdninstagram.com/v/t51.2885-15/294613793_1080728699494637_2723093391274788048_n.webp?stp=dst-jpg_e35&_nc_ht=scontent-bom1-1.cdninstagram.com&_nc_cat=105&_nc_ohc=sWGcBP2kOV8AX_Y1lRn&edm=ABZsPhsBAAAA&ccb=7-5&ig_cache_key=Mjg4NTAyNDQ1MjE1NTY4NzM2MA%3D%3D.2-ccb7-5&oh=00_AT-THKrUW_2hNQ7oa_oPDxt-gZpXoKoaCbyss-a0u9kctQ&oe=62DC040A&_nc_sid=4efc9f,,,False,
8,False,2885024312158081872,,CgJqlOOjFNQ,,1658141720,,https://scontent-bom1-1.cdninstagram.com/v/t51.2885-15/293975443_569915841256995_6972973447034775278_n.webp?stp=dst-jpg_e35&_nc_ht=scontent-bom1-1.cdninstagram.com&_nc_cat=103&_nc_ohc=Jk3ppcsrAEIAX9HUvwO&edm=ABZsPhsBAAAA&ccb=7-5&ig_cache_key=Mjg4NTAyNDMxMjE1ODA4MTg3Mg%3D%3D.2-ccb7-5&oh=00_AT9UXYvpvzOB_4K1dRvAYYku_2SyAriaQ6sYDUsVTmS8Ng&oe=62DD16F7&_nc_sid=4efc9f,,,False,
9,False,2885024184986838844,,CgJqjXyjSc8,,1658141705,,https://scontent-bom1-2.cdninstagram.com/v/t51.2885-15/293788792_761423804902463_4773650723589490618_n.webp?stp=dst-jpg_e35&_nc_ht=scontent-bom1-2.cdninstagram.com&_nc_cat=111&_nc_ohc=PKbnsRziT60AX-UZ877&edm=ABZsPhsBAAAA&ccb=7-5&ig_cache_key=Mjg4NTAyNDE4NDk4NjgzODg0NA%3D%3D.2-ccb7-5&oh=00_AT808YFycmVMFY9Hkmku_Mjs9Ef9nskW4G4M_j0TkEtVVw&oe=62DBAAB2&_nc_sid=4efc9f,,,False,
10,False,2885024051004131227,,CgJqhbAj0eb,,1658141689,,https://scontent-bom1-1.cdninstagram.com/v/t51.2885-15/294089612_1657465194653656_407012935598169755_n.webp?stp=dst-jpg_e35&_nc_ht=scontent-bom1-1.cdninstagram.com&_nc_cat=104&_nc_ohc=nWAIG2jnoEwAX87eD2H&edm=ABZsPhsBAAAA&ccb=7-5&ig_cache_key=Mjg4NTAyNDA1MTAwNDEzMTIyNw%3D%3D.2-ccb7-5&oh=00_AT-XfpawG2wiRUb6c-b5_4QEgfT2vq_WpjvT7QRoJlptWQ&oe=62DCE187&_nc_sid=4efc9f,,,False,
11,False,2885023756974821355,,CgJqdJLDA_r,,1658141654,,https://scontent-bom1-2.cdninstagram.com/v/t51.2885-15/294203904_143909278291953_5774990086099793644_n.webp?stp=dst-jpg_e35&_nc_ht=scontent-bom1-2.cdninstagram.com&_nc_cat=109&_nc_ohc=WOqIhRAuBEwAX_O00YP&edm=ABZsPhsBAAAA&ccb=7-5&ig_cache_key=Mjg4NTAyMzc1Njk3NDgyMTM1NQ%3D%3D.2-ccb7-5&oh=00_AT_QIwQdkJydbX0UQKi-kt-1YNo-3EKUJmmEdtbENCc6sw&oe=62DB78FE&_nc_sid=4efc9f,,,False,
12,False,2885022413005678930,,CgJqJlgPmlS,,1658141493,,https://scontent-bom1-1.cdninstagram.com/v/t51.2885-15/293997728_584608206506619_62091607572577772_n.jpg?stp=dst-jpg_e15_fr_s1080x1080&_nc_ht=scontent-bom1-1.cdninstagram.com&_nc_cat=103&_nc_ohc=Nt5Q3WzllG8AX8g9-Lo&edm=ABZsPhsBAAAA&ccb=7-5&ig_cache_key=Mjg4NTAyMjQxMzAwNTY3ODkzMA%3D%3D.2-ccb7-5&oh=00_AT9NAOGxziOGNOhbub_c7EO_4APLcPKsVpwUjzbU9uNWhg&oe=62DBD864&_nc_sid=4efc9f,,,False,
13,False,2885016655540132133,,CgJo1zcjhkl,,1658140807,,https://scontent-bom1-2.cdninstagram.com/v/t51.2885-15/293850018_3209859182586043_6296183834972579694_n.jpg?stp=dst-jpg_e15_fr_s1080x1080&_nc_ht=scontent-bom1-2.cdninstagram.com&_nc_cat=107&_nc_ohc=byWNjeekiN0AX98xST5&edm=ABZsPhsBAAAA&ccb=7-5&ig_cache_key=Mjg4NTAxNjY1MDQ4MTkxMTI4Mw%3D%3D.2-ccb7-5&oh=00_AT-up2PY-LUM4AxMO3bSKKsq3BbD1Py9smZ3T_pmpVfShg&oe=62DB8108&_nc_sid=4efc9f,,,False,
14,False,2885016633622753334,,CgJo1fCLXA2,,1658140804,,https://scontent-bom1-2.cdninstagram.com/v/t51.2885-15/294026754_164715422741097_9221036885040804249_n.webp?stp=dst-jpg_e35_s1080x1080&_nc_ht=scontent-bom1-2.cdninstagram.com&_nc_cat=109&_nc_ohc=bLcdv4s4GzwAX8omm6l&edm=ABZsPhsBAAAA&ccb=7-5&ig_cache_key=Mjg4NTAxNjYzMzYyMjc1MzMzNA%3D%3D.2-ccb7-5&oh=00_AT-Nonf8ii_0ZYzYKjyU3xBS1p5v-Hirz69Di-9sIIRUrw&oe=62DB48CF&_nc_sid=4efc9f,,,False,
15,False,2885013448753603860,,CgJoHI5LuUU,,1658140425,,https://scontent-bom1-1.cdninstagram.com/v/t51.2885-15/293835050_179005467831193_5695510194494964165_n.jpg?stp=dst-jpg_e35&_nc_ht=scontent-bom1-1.cdninstagram.com&_nc_cat=101&_nc_ohc=AFP4ZJn-e6wAX8-_May&edm=ABZsPhsBAAAA&ccb=7-5&ig_cache_key=Mjg4NTAxMzQ0ODc1MzYwMzg2MA%3D%3D.2-ccb7-5&oh=00_AT9ci3EiM_leGPwjoGdOceKSKZT0gH3rZLzx_Z3wEJYT6g&oe=62DCE4AB&_nc_sid=4efc9f,,,False,"In the newest episode of Thoughtcast by Onething, Divanshu is joined by Bharath Ram, Senior Vice President, Growth & Retention at Flipkart. The discussion revolves around building an e-commerce product for India, its challenges, and Flipkartâ€™s triumphs in the space!

The episode goes LIVE TOMORROW. Stay Tuned!"
16,False,2885012956937858373,,CgJn_-2ri1F,,1658140366,,https://scontent-bom1-2.cdninstagram.com/v/t51.2885-15/294417690_460312278819056_5445692480574839026_n.jpg?stp=dst-jpg_e15_fr_s1080x1080&_nc_ht=scontent-bom1-2.cdninstagram.com&_nc_cat=108&_nc_ohc=qKhppmlV52QAX_8ChRM&edm=ABZsPhsBAAAA&ccb=7-5&ig_cache_key=Mjg4NTAxMjk1NjkzNzg1ODM3Mw%3D%3D.2-ccb7-5&oh=00_AT819CMHf6AvnuJGVsx-e_LaN9EovgmwoTcHo_z5Ftg44A&oe=62DB42AB&_nc_sid=4efc9f,,,False,
17,False,2885012927199675701,,CgJn_jKJYU1,,1658140363,,https://scontent-bom1-1.cdninstagram.com/v/t51.2885-15/293863787_164512822790918_235756388124923403_n.webp?stp=dst-jpg_e35&_nc_ht=scontent-bom1-1.cdninstagram.com&_nc_cat=102&_nc_ohc=JUG3TPh_OVMAX8PU1Wy&edm=ABZsPhsBAAAA&ccb=7-5&ig_cache_key=Mjg4NTAxMjkyMzYzNDU0NzI1Ng%3D%3D.2-ccb7-5&oh=00_AT-vkE_vUNGFf0F0FdjotpX6TU9egsh_i52T2Tnb2BORww&oe=62DC9104&_nc_sid=4efc9f,,,False,
18,False,2885012209606075096,,CgJn1G2PCLY,,1658140277,,https://scontent-bom1-1.cdninstagram.com/v/t51.2885-15/293989166_5296474047139870_7875612091540954153_n.webp?stp=dst-jpg_e35_s1080x1080&_nc_ht=scontent-bom1-1.cdninstagram.com&_nc_cat=110&_nc_ohc=y-_-ICMvKLQAX9uO41c&edm=ABZsPhsBAAAA&ccb=7-5&ig_cache_key=Mjg4NTAxMjIwOTYwNjA3NTA5Ng%3D%3D.2-ccb7-5&oh=00_AT_Yl4GOyedLtV6BCSSiNmQA470XobnSDFlfTNqOMmfTSQ&oe=62DB7B83&_nc_sid=4efc9f,,,False,
19,False,2885011796659174975,,CgJnvGQrn4_,,1658140228,,https://scontent-bom1-2.cdninstagram.com/v/t51.2885-15/294193759_712751096488473_5560832340871503457_n.jpg?stp=dst-jpg_e15_fr_s1080x1080&_nc_ht=scontent-bom1-2.cdninstagram.com&_nc_cat=109&_nc_ohc=s9XvM1SZtpUAX-xMWXP&edm=ABZsPhsBAAAA&ccb=7-5&ig_cache_key=Mjg4NTAxMTc5NjY1OTE3NDk3NQ%3D%3D.2-ccb7-5&oh=00_AT_3qHtsRKVaV8fKt9mw0Jy3GpRN-C2zb_-sjWM9Zf6JOw&oe=62DC37B4&_nc_sid=4efc9f,,,False,
20,False,2885010349163447135,,CgJnaCLNoNf,,1658140162,,https://scontent-bom1-1.cdninstagram.com/v/t51.2885-15/294530420_1164873004064134_9013898916572700678_n.jpg?stp=dst-jpg_e15&_nc_ht=scontent-bom1-1.cdninstagram.com&_nc_cat=110&_nc_ohc=wZh8duI0YN8AX8rOeFR&edm=ABZsPhsBAAAA&ccb=7-5&oh=00_AT8O2wIwvRZqlTCUp8w4bkqJocjF9UzhF0XQJEttA_Co2g&oe=62D7D95B&_nc_sid=4efc9f,,,True,
21,False,2885009240348703973,,CgJnJ5gtDzl,,1658139923,,https://scontent-bom1-1.cdninstagram.com/v/t51.2885-15/294349601_418768683646189_3960846130640746543_n.jpg?stp=dst-jpg_e15_fr_s1080x1080&_nc_ht=scontent-bom1-1.cdninstagram.com&_nc_cat=101&_nc_ohc=H47ObPk3a4oAX-pI1Vs&edm=ABZsPhsBAAAA&ccb=7-5&ig_cache_key=Mjg4NTAwOTI0MDM0ODcwMzk3Mw%3D%3D.2-ccb7-5&oh=00_AT_UJWdp-v4uCf1UopiB97j-85Osr7OP8A0e6VY4oLi09g&oe=62DC5BE7&_nc_sid=4efc9f,,,False,
22,False,2885009050847042940,,CgJnHJBhl18,,1658139901,,https://scontent-bom1-1.cdninstagram.com/v/t51.2885-15/294113373_347536584260854_7356869451003768940_n.jpg?stp=dst-jpg_e35&_nc_ht=scontent-bom1-1.cdninstagram.com&_nc_cat=110&_nc_ohc=YvXonDIpQZgAX-vrApO&edm=ABZsPhsBAAAA&ccb=7-5&ig_cache_key=Mjg4NTAwOTA1MDg0NzA0Mjk0MA%3D%3D.2-ccb7-5&oh=00_AT930rf1rhaSLipisRA5_uacPFtBVOuiHNLWzgwxdg3VMQ&oe=62DC938E&_nc_sid=4efc9f,,,False,
23,False,2885008512334572610,,CgJm_TfrixC,,1658139836,,https://scontent-bom1-2.cdninstagram.com/v/t51.2885-15/294015008_2276914409140608_3254915519835057626_n.webp?stp=dst-jpg_e35&_nc_ht=scontent-bom1-2.cdninstagram.com&_nc_cat=100&_nc_ohc=fVujhLbPNcYAX-SW4Ks&edm=ABZsPhsBAAAA&ccb=7-5&ig_cache_key=Mjg4NTAwODUxMjMzNDU3MjYxMA%3D%3D.2-ccb7-5&oh=00_AT87ZQa112zo8HHUBm5Im6ScUNrgjxzSQ-R5l55WBWNBvw&oe=62DBFBA8&_nc_sid=4efc9f,,,False,
24,False,2885004930508520764,,CgJmLLqNf08,,1658139409,,https://scontent-bom1-2.cdninstagram.com/v/t51.2885-15/293860005_116492241123631_4403809699731186115_n.webp?stp=dst-jpg_e35&_nc_ht=scontent-bom1-2.cdninstagram.com&_nc_cat=107&_nc_ohc=GmXILY9bz7gAX8WOkrp&edm=ABZsPhsBAAAA&ccb=7-5&ig_cache_key=Mjg4NTAwNDkzMDUwODUyMDc2NA%3D%3D.2-ccb7-5&oh=00_AT89NvsUMtWaCO_Sc35trATU_IsbjvkuCRtV6vwmySYoIw&oe=62DB9AFD&_nc_sid=4efc9f,,,False,
25,False,2885004183604214017,,CgJmAUDPrkB,,1658139333,,https://scontent-bom1-1.cdninstagram.com/v/t51.2885-15/294234595_352778553690627_2665222029803505761_n.jpg?stp=dst-jpg_e15&_nc_ht=scontent-bom1-1.cdninstagram.com&_nc_cat=103&_nc_ohc=qFR_pviEokIAX9j7GTt&edm=ABZsPhsBAAAA&ccb=7-5&oh=00_AT_6av6dT27uFKAbqjTLtd49cRDhSOMybHSvhtmbigGozg&oe=62D7CAD1&_nc_sid=4efc9f,,,True,
26,False,2885002349818355470,,CgJlloNFx8O,,1658139102,,https://scontent-bom1-2.cdninstagram.com/v/t51.2885-15/293837186_1538060726596977_3740981768468784127_n.jpg?stp=dst-jpg_e15_fr_s1080x1080&_nc_ht=scontent-bom1-2.cdninstagram.com&_nc_cat=109&_nc_ohc=N8MtLyTqNykAX-TW9xT&edm=ABZsPhsBAAAA&ccb=7-5&ig_cache_key=Mjg4NTAwMjM0NjM3ODkzNDc3OQ%3D%3D.2-ccb7-5&oh=00_AT9ojWJNxPpJO9jVVTq7VI0P02Cz5wbr-f6wUxoAChTVOQ&oe=62DB92E3&_nc_sid=4efc9f,,,False,
27,False,2885001060210991761,,CgJlS3KgGKR,,1658138980,,https://scontent-bom1-1.cdninstagram.com/v/t51.2885-15/294029842_601083604715908_1791112285696078001_n.jpg?stp=dst-jpg_e15&_nc_ht=scontent-bom1-1.cdninstagram.com&_nc_cat=104&_nc_ohc=lW1slsD6XXkAX-0z_PO&edm=ABZsPhsBAAAA&ccb=7-5&oh=00_AT8k-QTMablup-kP9ERegbVFLAMtTvqNJ2k7M22flLUGng&oe=62D789D3&_nc_sid=4efc9f,,,True,
28,False,2885000185333453361,,CgJlGIXvJIx,,1658138844,,https://scontent-bom1-2.cdninstagram.com/v/t51.2885-15/293867322_1208336246657841_8703304286245719115_n.webp?stp=dst-jpg_e35&_nc_ht=scontent-bom1-2.cdninstagram.com&_nc_cat=109&_nc_ohc=XPROSZXQjSgAX-ToN-Z&edm=ABZsPhsBAAAA&ccb=7-5&ig_cache_key=Mjg4NTAwMDE4NTMzMzQ1MzM2MQ%3D%3D.2-ccb7-5&oh=00_AT-zQYHYc-lYEurXVuQbYvRk9fdLNWURqUx0ndgkF7Wgzg&oe=62DBE6FB&_nc_sid=4efc9f,,,False,
29,False,2884998342168267523,,CgJkrTyh8sD,,1658138624,,https://scontent-bom1-1.cdninstagram.com/v/t51.2885-15/294344367_5561362613984062_8803727061687475480_n.jpg?stp=dst-jpg_e15_fr_s1080x1080&_nc_ht=scontent-bom1-1.cdninstagram.com&_nc_cat=110&_nc_ohc=IvphihJuwG0AX-f5v2R&edm=ABZsPhsBAAAA&ccb=7-5&ig_cache_key=Mjg4NDk5ODM0MjE2ODI2NzUyMw%3D%3D.2-ccb7-5&oh=00_AT8Ekgv3PWKKVuABd8CmDA_JXmY4ritI7WG0CBTkNe90wA&oe=62DBAE14&_nc_sid=4efc9f,,,False,
30,False,2884996821988328056,,CgJkVMAvsJ4,,1658138443,,https://scontent-bom1-1.cdninstagram.com/v/t51.2885-15/294313115_1009761482912230_2519830773670788862_n.jpg?stp=dst-jpg_e15_fr_s1080x1080&_nc_ht=scontent-bom1-1.cdninstagram.com&_nc_cat=110&_nc_ohc=FHvX0tlDgUIAX99OPdl&edm=ABZsPhsBAAAA&ccb=7-5&ig_cache_key=Mjg4NDk5NjgyMTk4ODMyODA1Ng%3D%3D.2-ccb7-5&oh=00_AT_HVVv6ham2PZoUGodih25qOTJnBRRw8CeH3m-ayDcXWA&oe=62DB76A5&_nc_sid=4efc9f,,,False,
31,False,2884992823707805265,,CgJjbAUp6ZR,,1658137966,,https://scontent-bom1-1.cdninstagram.com/v/t51.2885-15/293865819_574157367630497_5284799111090793901_n.webp?stp=dst-jpg_e35&_nc_ht=scontent-bom1-1.cdninstagram.com&_nc_cat=105&_nc_ohc=VFPLjADl6GYAX9TLzXg&edm=ABZsPhsBAAAA&ccb=7-5&ig_cache_key=Mjg4NDk5MjgyMzcwNzgwNTI2NQ%3D%3D.2-ccb7-5&oh=00_AT8C3uvD1ZtNJ4uMWjHd2e9pbPsTN6b9stT1qwE9A6EXLA&oe=62DC6CC0&_nc_sid=4efc9f,,,False,
32,False,2884990564808208425,,CgJi6IjvzAp,,1658137697,,https://scontent-bom1-1.cdninstagram.com/v/t51.2885-15/294412001_370171635062254_5006129563038129600_n.jpg?stp=dst-jpg_e35_s1080x1080&_nc_ht=scontent-bom1-1.cdninstagram.com&_nc_cat=1&_nc_ohc=l6Xpbpshd-oAX8Hy4V3&edm=ABZsPhsBAAAA&ccb=7-5&ig_cache_key=Mjg4NDk5MDU2NDgwODIwODQyNQ%3D%3D.2-ccb7-5&oh=00_AT-QUjz3Z9_V9galFnqkHO65PhZJL0323B_Fg8RHdJmxQw&oe=62DC1B91&_nc_sid=4efc9f,,,False,
33,False,2884989970540865584,,CgJixfGpygw,,1658137626,,https://scontent-bom1-1.cdninstagram.com/v/t51.2885-15/294025353_762484668274250_5880633044485454156_n.webp?stp=dst-jpg_e35_s1080x1080&_nc_ht=scontent-bom1-1.cdninstagram.com&_nc_cat=102&_nc_ohc=fb4nGif5IOsAX_sAcro&edm=ABZsPhsBAAAA&ccb=7-5&ig_cache_key=Mjg4NDk4OTk3MDU0MDg2NTU4NA%3D%3D.2-ccb7-5&oh=00_AT8YHCVlykIb3_MXu75TTjAyRg9lCXrtBvkmrnrsLb7oUw&oe=62DB56E3&_nc_sid=4efc9f,,,False,
34,False,2884987532810370602,,CgJiOAyl74q,,1658137335,,https://scontent-bom1-2.cdninstagram.com/v/t51.2885-15/293981850_602793827861783_3765832891250868340_n.jpg?stp=dst-jpg_e15_fr_s1080x1080&_nc_ht=scontent-bom1-2.cdninstagram.com&_nc_cat=111&_nc_ohc=UU5WrhwNrMQAX_0lJQ1&edm=ABZsPhsBAAAA&ccb=7-5&ig_cache_key=Mjg4NDk4NzUzMjgxMDM3MDYwMg%3D%3D.2-ccb7-5&oh=00_AT9p37Ya_ekIN52lCsilhqcIKEp0soRGVSAMWuAtbxYjmg&oe=62DB596E&_nc_sid=4efc9f,,,False,
35,False,2884987508140815099,,CgJiNp0LDL7,,1658137332,,https://scontent-bom1-1.cdninstagram.com/v/t51.2885-15/293987901_608385787265753_1115748224306635788_n.webp?stp=dst-jpg_e35&_nc_ht=scontent-bom1-1.cdninstagram.com&_nc_cat=105&_nc_ohc=6ROcXFD70TgAX9ZznmB&edm=ABZsPhsBAAAA&ccb=7-5&ig_cache_key=Mjg4NDk4NzUwODE0MDgxNTA5OQ%3D%3D.2-ccb7-5&oh=00_AT8mCgZUJG5bBzp5CVkIdPePw-wT5Mxfo5WRR9v6Gvj3kw&oe=62DC6FDE&_nc_sid=4efc9f,,,False,
36,False,2884984895884282163,,CgJhno9jMkz,,1658137021,,https://scontent-bom1-1.cdninstagram.com/v/t51.2885-15/294218748_174205808405680_5106739636100960734_n.jpg?stp=dst-jpg_e15&_nc_ht=scontent-bom1-1.cdninstagram.com&_nc_cat=104&_nc_ohc=wRu5LThjHDEAX9I4W5j&edm=ABZsPhsBAAAA&ccb=7-5&oh=00_AT-QcXG5XQUz__VRBggccsJMiBmgEU1RluDYZmlNyjeqsw&oe=62D7BD0D&_nc_sid=4efc9f,,,False,
37,False,2884983980572999884,,CgJhaUgvwDM,,1658136912,,https://scontent-bom1-1.cdninstagram.com/v/t51.2885-15/294333306_375594498044562_3557561072287551308_n.webp?stp=dst-jpg_e35&_nc_ht=scontent-bom1-1.cdninstagram.com&_nc_cat=106&_nc_ohc=usk3ZOeRVjkAX-ejt2d&edm=ABZsPhsBAAAA&ccb=7-5&ig_cache_key=Mjg4NDk4Mzk3NTQ3Mjc4NTY4Nw%3D%3D.2-ccb7-5&oh=00_AT8SaLGuJv0K3kmMtdUCALwJQKHdVpsDPew39SAWEX5bkA&oe=62DC0BF3&_nc_sid=4efc9f,,,False,
38,False,2884981538371432699,,CgJg2yCMHD7,,1658136623,,https://scontent-bom1-2.cdninstagram.com/v/t51.2885-15/294416173_434501985238475_8198810565734969086_n.jpg?stp=dst-jpg_e35_s1080x1080&_nc_ht=scontent-bom1-2.cdninstagram.com&_nc_cat=111&_nc_ohc=v7Dxj6pyXtcAX9Bmcqx&edm=ABZsPhsBAAAA&ccb=7-5&ig_cache_key=Mjg4NDk4MTUzODM3MTQzMjY5OQ%3D%3D.2-ccb7-5&oh=00_AT9c6VPaWQKLBDuvU2_LqeW3zVHipGFnzQ-wccth5tgreg&oe=62DD20B2&_nc_sid=4efc9f,,,False,
39,False,2884979572593843290,,CgJgaLQttxa,,1658136387,,https://scontent-bom1-1.cdninstagram.com/v/t51.2885-15/294169980_1263276577777024_7874878210088163964_n.jpg?stp=dst-jpg_e15&_nc_ht=scontent-bom1-1.cdninstagram.com&_nc_cat=104&_nc_ohc=d89Vs2y1fPoAX9QWLHT&edm=ABZsPhsBAAAA&ccb=7-5&ig_cache_key=Mjg4NDk3OTU3MjU5Mzg0MzI5MA%3D%3D.2-ccb7-5&oh=00_AT_9JuJxTxP7y8IaoPTzfv1cXhBvUfPX7mEeSILriLs_Mw&oe=62DC7B02&_nc_sid=4efc9f,,,False,
40,False,2884975374800778319,,CgJfdFwv_RP,,1658135886,,https://scontent-bom1-2.cdninstagram.com/v/t51.2885-15/294587489_1074732929793732_3794097337430510732_n.webp?stp=dst-jpg_e35_s1080x1080&_nc_ht=scontent-bom1-2.cdninstagram.com&_nc_cat=100&_nc_ohc=Bs8iAHvEQHUAX_VGaaQ&edm=ABZsPhsBAAAA&ccb=7-5&ig_cache_key=Mjg4NDk3NTM3NDgwMDc3ODMxOQ%3D%3D.2-ccb7-5&oh=00_AT8t39OcUEyGe-a7Rtad3p3dGRHKwTnklLSbjYzRmlV_Jg&oe=62DC88A3&_nc_sid=4efc9f,,,False,
41,False,2884974852416148372,,CgJfVfQMxOU,,1658135824,,https://scontent-bom1-2.cdninstagram.com/v/t51.2885-15/294045896_595182445617067_7199237969994478882_n.jpg?stp=dst-jpg_e15_fr_s1080x1080&_nc_ht=scontent-bom1-2.cdninstagram.com&_nc_cat=107&_nc_ohc=BtqyCHtbRokAX82tUlQ&edm=ABZsPhsBAAAA&ccb=7-5&ig_cache_key=Mjg4NDk3NDg1MjQxNjE0ODM3Mg%3D%3D.2-ccb7-5&oh=00_AT9EON5FUtVhh2ZOoBjFXEty-m0h-qd1HK4RZ9rhvqmTMQ&oe=62DCD04B&_nc_sid=4efc9f,,,False,
42,False,2884974530075958800,,CgJfQzDOh4Q,,1658135785,,https://scontent-bom1-2.cdninstagram.com/v/t51.2885-15/294055640_1486581331794432_9036537629227667785_n.jpg?stp=dst-jpg_e35_s1080x1080&_nc_ht=scontent-bom1-2.cdninstagram.com&_nc_cat=100&_nc_ohc=zJrg3BEdPDEAX8wHYMG&edm=ABZsPhsBAAAA&ccb=7-5&ig_cache_key=Mjg4NDk3NDUzMDA3NTk1ODgwMA%3D%3D.2-ccb7-5&oh=00_AT9Lo5nr96WIqtJkP6bw_jvNIroHt0Qj5A_grQxQRjEUig&oe=62DC8C7C&_nc_sid=4efc9f,,,False,
43,False,2884974424428278821,,CgJfPQqInQl,,1658135773,,https://scontent-bom1-1.cdninstagram.com/v/t51.2885-15/294018841_1740457016305083_1093775261566036067_n.webp?stp=dst-jpg_e35&_nc_ht=scontent-bom1-1.cdninstagram.com&_nc_cat=103&_nc_ohc=wUAdHSQKB3cAX_nT20s&edm=ABZsPhsBAAAA&ccb=7-5&ig_cache_key=Mjg4NDk3NDQyNDQyODI3ODgyMQ%3D%3D.2-ccb7-5&oh=00_AT8PKuL0EGG-9nU5yHan9gCCmfp8o0t-KjOofZn5cKy_6Q&oe=62DC187F&_nc_sid=4efc9f,,,False,
44,False,2884974007532907261,,CgJfJMZO-r9,,1658135723,,https://scontent-bom1-2.cdninstagram.com/v/t51.2885-15/294032145_447733950536157_4723404447142547605_n.jpg?stp=dst-jpg_e15&_nc_ht=scontent-bom1-2.cdninstagram.com&_nc_cat=109&_nc_ohc=kn5f4U2mxrkAX8UzrbV&edm=ABZsPhsBAAAA&ccb=7-5&ig_cache_key=Mjg4NDk3NDAwNzUzMjkwNzI2MQ%3D%3D.2-ccb7-5&oh=00_AT__nBolnHsSFjUO_UyWS_5OwsuLLwmRLruehAGxytSq6w&oe=62DBC886&_nc_sid=4efc9f,,,False,
45,False,2884971824438636393,,CgJepbOrO9p,,1658135463,,https://scontent-bom1-2.cdninstagram.com/v/t51.2885-15/294504607_1205405570025717_7080178467266660979_n.webp?stp=dst-jpg_e35_s1080x1080&_nc_ht=scontent-bom1-2.cdninstagram.com&_nc_cat=109&_nc_ohc=32lXXez4U_sAX-Ug0i8&edm=ABZsPhsBAAAA&ccb=7-5&ig_cache_key=Mjg4NDk3MTgxOTc5MTM0MTc5OA%3D%3D.2-ccb7-5&oh=00_AT-WGQ9LpDCa1HtE6e8kPs3T1r7v5RfFFB_uxr3yU2RL2g&oe=62DBF558&_nc_sid=4efc9f,,,False,
46,False,2884970115227432235,,CgJeQjZv7Ur,,1658135259,,https://scontent-bom1-1.cdninstagram.com/v/t51.2885-15/294006733_1192896448217650_6100354349477765652_n.webp?stp=dst-jpg_e35_s1080x1080&_nc_ht=scontent-bom1-1.cdninstagram.com&_nc_cat=110&_nc_ohc=7xHcNqadeHwAX92Mcha&edm=ABZsPhsBAAAA&ccb=7-5&ig_cache_key=Mjg4NDk3MDExNTIyNzQzMjIzNQ%3D%3D.2-ccb7-5&oh=00_AT-IL4wI-x13emP0-wfhcdIf8uY9hZVBZJOqW2e1IW2h0w&oe=62DD220B&_nc_sid=4efc9f,,,False,
47,False,2884967745520946779,,CgJduEcPE5b,,1658134977,,https://scontent-bom1-1.cdninstagram.com/v/t51.2885-15/294023849_167791902421654_1605845864370024793_n.webp?stp=dst-jpg_e35&_nc_ht=scontent-bom1-1.cdninstagram.com&_nc_cat=110&_nc_ohc=rbHu_JCPCqsAX-YJIru&edm=ABZsPhsBAAAA&ccb=7-5&ig_cache_key=Mjg4NDk2Nzc0NTUyMDk0Njc3OQ%3D%3D.2-ccb7-5&oh=00_AT-Wuu7h_MUAj_Fi9CBXkipifiFOZwpiAbQIGO93roya7A&oe=62DB9919&_nc_sid=4efc9f,,,False,Clutch bag.
48,False,2884966448035555068,,CgJdbMEFGb8,,1658134822,,https://scontent-bom1-1.cdninstagram.com/v/t51.2885-15/294154423_1209911923102911_4952147702315447595_n.webp?stp=dst-jpg_e35&_nc_ht=scontent-bom1-1.cdninstagram.com&_nc_cat=103&_nc_ohc=Eilq_Bv_dacAX_2h51E&edm=ABZsPhsBAAAA&ccb=7-5&ig_cache_key=Mjg4NDk2NjQ0ODAzNTU1NTA2OA%3D%3D.2-ccb7-5&oh=00_AT_EnhpMhCGtvuKxMmbuun-9YEmPtREwmkeI5EWxZJrVaA&oe=62DBF2D7&_nc_sid=4efc9f,,,False,
49,False,2884964771942552251,,CgJdCzFJtK7,,1658134622,,https://scontent-bom1-1.cdninstagram.com/v/t51.2885-15/293984908_445877574070834_821538542255888318_n.webp?stp=dst-jpg_e35&_nc_ht=scontent-bom1-1.cdninstagram.com&_nc_cat=110&_nc_ohc=tESxK0QkWWEAX91-Nhd&edm=ABZsPhsBAAAA&ccb=7-5&ig_cache_key=Mjg4NDk2NDc2NzI5NTEzMjI3OA%3D%3D.2-ccb7-5&oh=00_AT-zTQwR3GOJn-beCh0i5z6onVNa_q75F8qe6J8bqHZAyA&oe=62DD1BA6&_nc_sid=4efc9f,,,False,
50,False,2884962439097359019,,CgJcg2cvhqr,,1658134344,,https://scontent-bom1-2.cdninstagram.com/v/t51.2885-15/294064119_286066140384343_4844561742824988189_n.jpg?stp=dst-jpg_e15&_nc_ht=scontent-bom1-2.cdninstagram.com&_nc_cat=107&_nc_ohc=W_-NJDeN2roAX8muHAG&edm=ABZsPhsBAAAA&ccb=7-5&ig_cache_key=Mjg4NDk2MjQzOTA5NzM1OTAxOQ%3D%3D.2-ccb7-5&oh=00_AT85jTbhfjDH59rJQ71LLJLESl8tLRhxfGlO_dl-lS_U0w&oe=62DB6F47&_nc_sid=4efc9f,,,False,
51,False,2884961813563462075,,CgJcXv4BFG7,,1658134269,,https://scontent-bom1-1.cdninstagram.com/v/t51.2885-15/293868843_615944683076046_2554560995699865839_n.jpg?stp=dst-jpg_e35&_nc_ht=scontent-bom1-1.cdninstagram.com&_nc_cat=106&_nc_ohc=1fWHVL2WnoYAX8VwZHb&edm=ABZsPhsBAAAA&ccb=7-5&ig_cache_key=Mjg4NDk2MTgwNjQxNjM1NDgyNQ%3D%3D.2-ccb7-5&oh=00_AT8VtBQmO43hQ7c4t3WNT0zXuI0nGgIuod1HMlNQhQ_DQQ&oe=62DBD14E&_nc_sid=4efc9f,,,False,
52,False,2884961537864625649,,CgJcTvHFe3x,,1658134237,,https://scontent-bom1-1.cdninstagram.com/v/t51.2885-15/293877730_1659427087768814_9054718629691248645_n.webp?stp=dst-jpg_e35&_nc_ht=scontent-bom1-1.cdninstagram.com&_nc_cat=102&_nc_ohc=PQo0vJ97PQoAX8peAR8&edm=ABZsPhsBAAAA&ccb=7-5&ig_cache_key=Mjg4NDk2MTUzNzg2NDYyNTY0OQ%3D%3D.2-ccb7-5&oh=00_AT8YJQ3wJ3QObb7_n7TxaTMs8Y6YXyr4RMSnHU-mSfu45Q&oe=62DB5A9B&_nc_sid=4efc9f,,,False,
53,False,2884960803066086030,,CgJcJCxrgKO,,1658134149,,https://scontent-bom1-1.cdninstagram.com/v/t51.2885-15/293963509_148646127821873_6271153510900719030_n.jpg?stp=dst-jpg_e15_fr_s1080x1080&_nc_ht=scontent-bom1-1.cdninstagram.com&_nc_cat=105&_nc_ohc=D_a1GQsMbYQAX8ClyZe&edm=ABZsPhsBAAAA&ccb=7-5&ig_cache_key=Mjg4NDk2MDgwMzA2NjA4NjAzMA%3D%3D.2-ccb7-5&oh=00_AT8Wz54uQSy7v0phhh8La6TRRqBZYLKqIZVpJes9E2P3UA&oe=62DBA747&_nc_sid=4efc9f,,,False,
54,False,2884960012271548669,,CgJb9iSpvj9,,1658134055,,https://scontent-bom1-2.cdninstagram.com/v/t51.2885-15/294360075_459452012297396_8059450312727695381_n.webp?stp=dst-jpg_e35_s1080x1080&_nc_ht=scontent-bom1-2.cdninstagram.com&_nc_cat=108&_nc_ohc=SAt6n-OR0_YAX9t0DTN&edm=ABZsPhsBAAAA&ccb=7-5&ig_cache_key=Mjg4NDk2MDAxMjI3MTU0ODY2OQ%3D%3D.2-ccb7-5&oh=00_AT8kf5KuuyPxWgS1idJHYOd2PivYQ17G3GtIIJfbWGkiEA&oe=62DC8795&_nc_sid=4efc9f,,,False,
55,False,2884959238462772055,,CgJbyRoDhNX,,1658133962,,https://scontent-bom1-1.cdninstagram.com/v/t51.2885-15/294007301_354477070027480_7035950354911543832_n.webp?stp=dst-jpg_e35&_nc_ht=scontent-bom1-1.cdninstagram.com&_nc_cat=104&_nc_ohc=JdMAP6nqKhIAX_iGYIb&edm=ABZsPhsBAAAA&ccb=7-5&ig_cache_key=Mjg4NDk1OTIzMzI0NDk0MjYwMw%3D%3D.2-ccb7-5&oh=00_AT9gH0kGpD75h939PXs_f0-8zfDGK6gu6abR36ugRVpJCQ&oe=62DC63BD&_nc_sid=4efc9f,,,False,
56,False,2884958740600723196,,CgJbrB9Khb8,,1658133903,,https://scontent-bom1-1.cdninstagram.com/v/t51.2885-15/294545923_752631525982789_805223111503043976_n.jpg?stp=dst-jpg_e15_fr_s1080x1080&_nc_ht=scontent-bom1-1.cdninstagram.com&_nc_cat=101&_nc_ohc=aeD_p6UMb4IAX9PRczE&edm=ABZsPhsBAAAA&ccb=7-5&ig_cache_key=Mjg4NDk1ODc0MDYwMDcyMzE5Ng%3D%3D.2-ccb7-5&oh=00_AT__K-pe3uz7CK2TXZnG3CX1_8IhGdtCRhA2ngosHVEGPg&oe=62DCE6B3&_nc_sid=4efc9f,,,False,
57,False,2884957486521920375,,CgJbYyAPit3,,1658133754,,https://scontent-bom1-2.cdninstagram.com/v/t51.2885-15/293824977_418821553619663_1407261570626412445_n.webp?stp=dst-jpg_e35&_nc_ht=scontent-bom1-2.cdninstagram.com&_nc_cat=111&_nc_ohc=YKDyr8sJwYEAX80-kMh&edm=ABZsPhsBAAAA&ccb=7-5&ig_cache_key=Mjg4NDk1NzQ4NjUyMTkyMDM3NQ%3D%3D.2-ccb7-5&oh=00_AT91Jr6FJY04fcsjU0cRHhJUcV8nbntSwouFEbEeRpb2mg&oe=62DC5219&_nc_sid=4efc9f,,,False,
58,False,2884957370464414641,,CgJbXF6rSux,,1658133740,,https://scontent-bom1-2.cdninstagram.com/v/t51.2885-15/293279977_594705058838769_5955057731913364876_n.webp?stp=dst-jpg_e35_p1080x1080&_nc_ht=scontent-bom1-2.cdninstagram.com&_nc_cat=109&_nc_ohc=1eb6LJGZY7MAX_QfDnS&edm=ABZsPhsBAAAA&ccb=7-5&ig_cache_key=Mjg4NDk1NzM3MDQ2NDQxNDY0MQ%3D%3D.2-ccb7-5&oh=00_AT8itByVRaxhGCpZhzMo5KDH82gi9c5diI34sE9XE4Ckww&oe=62DB94E4&_nc_sid=4efc9f,,,False,
59,False,2884957169012402251,,CgJbUKTM2hL,,1658133716,,https://scontent-bom1-1.cdninstagram.com/v/t51.2885-15/293863195_569875081307142_105062861340553419_n.webp?stp=dst-jpg_e35&_nc_ht=scontent-bom1-1.cdninstagram.com&_nc_cat=106&_nc_ohc=qNSxccdM4E0AX_TJj4M&edm=ABZsPhsBAAAA&ccb=7-5&ig_cache_key=Mjg4NDk1NzE2OTAxMjQwMjI1MQ%3D%3D.2-ccb7-5&oh=00_AT-KXzawB3ZhTwGkhoeESOkcwIUd63ODhsaF6kEOQDsHbQ&oe=62DB95E4&_nc_sid=4efc9f,,,False,
60,False,2884951615685978587,,CgJaDWXJunb,,1658133336,,https://scontent-bom1-2.cdninstagram.com/v/t51.2885-15/294056378_601844801482067_6462670318225722305_n.jpg?stp=dst-jpg_e15&_nc_ht=scontent-bom1-2.cdninstagram.com&_nc_cat=111&_nc_ohc=Ee2V-9PL0v0AX9FBdGr&edm=ABZsPhsBAAAA&ccb=7-5&oh=00_AT_kepguNbE5f6A50xuJk0ZeR6IH6P1f1vR7uvOhln4f_Q&oe=62D7CE9E&_nc_sid=4efc9f,,,True,
61,False,2884953745789600383,,CgJaiWLOMJ_,,1658133308,,https://scontent-bom1-2.cdninstagram.com/v/t51.2885-15/294370585_1006982620004016_6708399333433314948_n.jpg?stp=dst-jpg_e35&_nc_ht=scontent-bom1-2.cdninstagram.com&_nc_cat=100&_nc_ohc=-DumI7fqYg8AX9knv27&edm=ABZsPhsBAAAA&ccb=7-5&ig_cache_key=Mjg4NDk1Mzc0NTc4OTYwMDM4Mw%3D%3D.2-ccb7-5&oh=00_AT8LMs1uWBn45jmupIyibuskgD9bWGwGmNpUvJt1aFFKqg&oe=62DCB638&_nc_sid=4efc9f,,,False,
62,False,2884952317452916205,,CgJaNj7uJXt,,1658133137,,https://scontent-bom1-2.cdninstagram.com/v/t51.2885-15/294026049_392882092908695_5136024820317826205_n.jpg?stp=dst-jpg_e35&_nc_ht=scontent-bom1-2.cdninstagram.com&_nc_cat=111&_nc_ohc=HC3SOd1wiKMAX-7X0jS&edm=ABZsPhsBAAAA&ccb=7-5&ig_cache_key=Mjg4NDk1MjMxNzQ1MjkxNjIwNQ%3D%3D.2-ccb7-5&oh=00_AT_2v_hDMjzv6cwIj8G9L-BWbr2SOKUMgMXIc7qHaKfVNQ&oe=62DB468F&_nc_sid=4efc9f,,,False,
63,False,2884951237776933105,,CgJZ92aBIDx,,1658133058,,https://scontent-bom1-1.cdninstagram.com/v/t51.2885-15/293979234_615741653072630_1246380032484732427_n.jpg?stp=dst-jpg_e15&_nc_ht=scontent-bom1-1.cdninstagram.com&_nc_cat=102&_nc_ohc=YqdNyROWkugAX_yqAKq&edm=ABZsPhsBAAAA&ccb=7-5&oh=00_AT__e6Zd22nZXe2uX3GoIdC7CevUfXqsMVxLOWsktKDyGg&oe=62D796EC&_nc_sid=4efc9f,,,True,
64,False,2884951553400388397,,CgJaCcWpDst,,1658133046,,https://scontent-bom1-2.cdninstagram.com/v/t51.2885-15/294366843_118981440864345_2528969381615921622_n.jpg?stp=dst-jpg_e15_fr_s1080x1080&_nc_ht=scontent-bom1-2.cdninstagram.com&_nc_cat=109&_nc_ohc=Pr0XLcAt_X4AX8xBy3q&edm=ABZsPhsBAAAA&ccb=7-5&ig_cache_key=Mjg4NDk1MTU1MzQwMDM4ODM5Nw%3D%3D.2-ccb7-5&oh=00_AT8Mlyd54SrJJ76KQ7fvpGj6MAH_JU7GbfPPnn3SMkbzbA&oe=62DC646D&_nc_sid=4efc9f,,,False,
65,False,2884950537180988820,,CgJZzp7PsWU,,1658132925,,https://scontent-bom1-2.cdninstagram.com/v/t51.2885-15/294200325_401235481985040_2692802025279601209_n.webp?stp=dst-jpg_e35&_nc_ht=scontent-bom1-2.cdninstagram.com&_nc_cat=100&_nc_ohc=Xd4wH0-eWlYAX-g8dFd&edm=ABZsPhsBAAAA&ccb=7-5&ig_cache_key=Mjg4NDk1MDUzMjY2Nzc2NTY4Ng%3D%3D.2-ccb7-5&oh=00_AT8rZDvAHWBlw_MrEuELVpsaIqPpLZDe-SQUIfzQKiySsg&oe=62DC74C6&_nc_sid=4efc9f,,,False,
66,False,2884950233261303936,,CgJZvO4OGiA,,1658132889,,https://scontent-bom1-1.cdninstagram.com/v/t51.2885-15/294453068_601865681553879_4711209234661183176_n.jpg?stp=dst-jpg_e35&_nc_ht=scontent-bom1-1.cdninstagram.com&_nc_cat=103&_nc_ohc=QeBwv3BDKnYAX_pA7qG&edm=ABZsPhsBAAAA&ccb=7-5&ig_cache_key=Mjg4NDk1MDIzMzI2MTMwMzkzNg%3D%3D.2-ccb7-5&oh=00_AT-qlPM55stmkbxi8RrZqC65RLuCNV5Jaz1Xwh2PqHzQLA&oe=62DCE5D3&_nc_sid=4efc9f,,,False,
67,False,2884902471361628490,,CgJO4NJKAlK,,1658127195,,https://scontent-bom1-1.cdninstagram.com/v/t51.2885-15/293991873_444358847559171_9113866447108012001_n.jpg?stp=dst-jpg_e35_s1080x1080&_nc_ht=scontent-bom1-1.cdninstagram.com&_nc_cat=103&_nc_ohc=zI0a0o5MnfAAX-gttum&edm=ABZsPhsBAAAA&ccb=7-5&ig_cache_key=Mjg4NDkwMjQ3MTM2MTYyODQ5MA%3D%3D.2-ccb7-5&oh=00_AT-j3S9VxzZMkFZaICZUyXMq2krjwoFsDH5ZFoiBc4wOGA&oe=62DD1A52&_nc_sid=4efc9f,,,False,
